slug,name,owner,structure,member_since,vat_registered,base_town,county,rating,reviews_total,reviews_12mo,latest_review,accreditations,services_count,has_ev,has_rewire,has_consumer_unit,has_eicr,claimed_experience_yrs,services_extraction,profile_url
aandbelectricalservices,A&B Electrical Services,Mr Altin Basha,sole_trader,2024-02,no,Barnet,Hertfordshire,9.70,95,56,2026-08,CITY & GUILDS;City & Guilds Qualified - Level 2;EAL Qualified;ELECSA - Part-P Domestic Installer;NICEIC - Part-P Domestic Installer,32,Y,Y,Y,,18,detailed,https://www.checkatrade.com/trades/aandbelectricalservices
aclasselectrical319325,A Class Electrical,Mr Trevor Banton,sole_trader,2016-04,no,London,,8.42,154,8,2026-06,NICEIC - Approved Contractor;NICEIC - PAT Testing;NICEIC - ,31,Y,Y,Y,Y,,detailed,https://www.checkatrade.com/trades/aclasselectrical319325
adamelect,"Sorry, we can't find that page!",,,,,,,,,,,,,,,,,,summary,https://www.checkatrade.com/trades/adamelect
adamelectricallimited5923733,Adam Electrical Limited,Mr Abdallah Reda,limited,2025-11,yes,London,,9.88,16,16,2026-08,NICEIC - Approved Contractor;NICEIC - Part-P Domestic Installer,17,Y,Y,Y,Y,,detailed,https://www.checkatrade.com/trades/adamelectricallimited5923733
contactelectricianltd,Contact Electrician Ltd,Mr Klisman Licaj,limited,2023-12,yes,Coulsdon,,9.80,469,192,2026-08,NAPIT - Electrical,23,Y,Y,Y,Y,,detailed,https://www.checkatrade.com/trades/contactelectricianltd
districtgroupservices,District Group Services Ltd,Mr Jordan Hiatt,limited,2023-11,no,New Malden,,9.87,189,37,2026-07,NAPIT - Electrical;NAPIT - Electrical Inspector,6,,,Y,Y,,detailed,https://www.checkatrade.com/trades/districtgroupservices
downtoearthelectricalcontractorsltd,Down To Earth Electrical Contractors,Mr Richard Moloney,limited,2012-10,yes,London,,9.94,614,86,2026-08,NICEIC - Approved Contractor;NICEIC - Part-P Domestic Installer,24,Y,Y,Y,Y,,detailed,https://www.checkatrade.com/trades/downtoearthelectricalcontractorsltd
haleelectricsltd,Hale Electrics Ltd,Mr Calvin Hale,limited,2014-01,yes,Orpington,Kent,9.55,566,37,2026-08,NICEIC - Approved Contractor;NICEIC - PAT Testing;NICEIC - Part-P Domestic Installer;Trustmark,28,Y,Y,Y,Y,,detailed,https://www.checkatrade.com/trades/haleelectricsltd
handyexperts,HandyExperts,Mr Dominic Chapman,limited,2019-05,yes,Nationwide,,9.32,1126,167,2026-08,Gas Safe Register;NAPIT - Electrical,28,,,Y,,20,detailed,https://www.checkatrade.com/trades/handyexperts
luxtricltd,Luxtric Ltd,,limited,2026-07,no,Haringey United Kingdom,,10.00,6,6,2026-08,City & Guilds Qualified - Level 3;NAPIT - Electrical,31,Y,Y,Y,Y,,detailed,https://www.checkatrade.com/trades/luxtricltd
ramaelectricallimited,Rama Electrical Limited,,limited,2023-03,no,Harrow,Greater London,9.72,631,117,2026-08,NICEIC - Part-P Domestic Installer,16,Y,Y,Y,,,detailed,https://www.checkatrade.com/trades/ramaelectricallimited
richardurielectricalservicesltd,Richard Uri Electrical Services Ltd,Mr Richard Uri,limited,2023-10,no,Bromley,United Kingdom,9.66,252,117,2026-08,NICEIC - Part-P Domestic Installer,26,Y,Y,Y,,16,detailed,https://www.checkatrade.com/trades/richardurielectricalservicesltd
wirenowltd,Wire Now Ltd,Mr Tolga Aramaz,limited,2026-05,yes,Cheshunt,,9.93,24,24,2026-08,BAFE;Constructionline;NICEIC - Approved Contractor;NICEIC - Part-P Domestic Installer;Trustmark,24,,Y,Y,Y,,detailed,https://www.checkatrade.com/trades/wirenowltd
