slug,name,owner,structure,member_since,vat_registered,base_town,county,rating,reviews_total,reviews_12mo,latest_review,accreditations,services_count,has_ev,has_rewire,has_consumer_unit,has_eicr,claimed_experience_yrs,services_extraction,profile_url
rhadenelectrical,R Haden Electrical,Mr Ryan Haden,sole_trader,2022-03,no,Woodley,Berkshire,10.00,93,8,2025-12,NICEIC Part-P Domestic Installer,30,,Y,Y,,15,summary,https://www.checkatrade.com/trades/rhadenelectrical
wrightsparks991862,Wrightsparks,Mr Aaron Wright,sole_trader,2021-05,no,Reading,Berkshire,10.00,42,3,2024-08,NAPIT Electrical,5,,Y,Y,Y,10,summary,https://www.checkatrade.com/trades/wrightsparks991862
wknelectricalservices,WKN Electrical Services,Mr William Norman,sole_trader,2023-02,no,Sandhurst,Berkshire,9.57,200,79,2026-08,NICEIC Part-P Domestic Installer,25,,Y,Y,,6,summary,https://www.checkatrade.com/trades/wknelectricalservices
ambitelectricalservices,Ambit Electrical Services,Mr Christopher Annalls,sole_trader,2018-09,no,Camberley,Surrey,9.97,214,11,2026-07,NICEIC Part-P Domestic Installer,28,Y,Y,,,15,summary,https://www.checkatrade.com/trades/ambitelectricalservices
ebelectrical1104859,EB Electrical,Mr Emanuele Biagianti,sole_trader,2024-03,no,Marlow,Buckinghamshire,9.92,40,13,2026-08,NAPIT Electrical; NAPIT Electrical Inspector,27,,Y,Y,Y,,summary,https://www.checkatrade.com/trades/ebelectrical1104859
bradleyjameselectrical,Bradley James Electrical,Mr Bradley Collins,limited,2024-02,no,Yateley,Hampshire,9.85,62,20,2026-03,City & Guilds L3; NICEIC Part-P Domestic Installer,25,Y,Y,Y,,10,summary,https://www.checkatrade.com/trades/bradleyjameselectrical
emselectrical,EMS Electrical,Mr Vincenzo Romano,sole_trader,2018-03,yes,Reading,Berkshire,9.76,185,18,2026-08,NICEIC Approved Contractor; NICEIC Part-P,28,Y,Y,Y,Y,,summary,https://www.checkatrade.com/trades/emselectrical
bselectrical,BS Electrical,Mr Ben Scott,partnership,2016-07,no,Reading,Berkshire,10.00,272,12,2026-05,City & Guilds L3; NICEIC Part-P; Trustmark,29,Y,,,,30,summary,https://www.checkatrade.com/trades/bselectrical
selectelectricalsolutions,Select Electrical Solutions Limited,Mr Kelvin Robinson,limited,2010-07,yes,Reading,Berkshire,10.00,175,1,2025-11,City & Guilds; NICEIC Part-P,31,Y,Y,Y,,30,summary,https://www.checkatrade.com/trades/selectelectricalsolutions
danielelectricalservices,Daniel Electrical Services Limited,Mr Daniel Roguszczak,limited,2019-03,yes,Reading,Berkshire,10.00,194,16,2026-07,C&G L3; C&G PAT; NICEIC Approved; NICEIC PAT; NICEIC Part-P; ROLEC EV,30,Y,Y,Y,Y,,summary,https://www.checkatrade.com/trades/danielelectricalservices
mcbelectrics,MCB Electrics,Mr Mark Blackall,sole_trader,2016-05,no,Reading,Berkshire,,127,0,2025-04,,6,,Y,,,10,summary,https://www.checkatrade.com/trades/mcbelectrics
redelectricsberkshire,Redlec Electrical,Mr Nicholas Redrup,sole_trader,2016-11,no,Reading,Berkshire,9.89,94,6,2026-07,NAPIT Electrical,21,Y,Y,,,11,summary,https://www.checkatrade.com/trades/redelectricsberkshire
lcwelectricalservices,LCW Electrical Services,Mr Lee White,limited,2015-03,yes,Oxford,Oxfordshire,9.90,167,14,2026-08,C&G L2; C&G L3; NICEIC Approved; NICEIC PAT; NICEIC Part-P,24,Y,Y,Y,Y,10,detailed,https://www.checkatrade.com/trades/lcwelectricalservices
cmeelectrical,Cme Electrical Ltd,Mr Craig Harvey,limited,2022-02,no,Bracknell,Berkshire,10.00,52,4,2026-06,City & Guilds; C&G L3; NICEIC Part-P,30,Y,Y,Y,Y,25,detailed,https://www.checkatrade.com/trades/cmeelectrical
mortimerelectricsltd,Mortimer Electrics Ltd,Mr Hristo Bozhkov,limited,2024-04,no,Mortimer Common,Berkshire,10.00,24,5,2026-08,NICEIC Part-P Domestic Installer,21,Y,Y,Y,,,detailed,https://www.checkatrade.com/trades/mortimerelectricsltd
plugituk,PLUG-IT UK,Arash Sheirzai,sole_trader,2026-02,no,West Drayton,Greater London,9.82,28,28,2026-05,NAPIT Electrical,31,Y,Y,Y,Y,,detailed,https://www.checkatrade.com/trades/plugituk
amkelectricalmaintenance,AMK Electrical Maintenance,Mr Andrew Kyriacou,limited,2019-03,yes,Reading,Berkshire,9.85,75,11,2026-06,CITB; City and Guilds; Confined Space; NAPIT Electrical,14,,Y,Y,Y,45,detailed,https://www.checkatrade.com/trades/amkelectricalmaintenance
hanningtonandgreenelectrical,Hannington & Green Contracting,Mr Michael Hannington,limited,2020-07,yes,Newbury,Berkshire,10.00,63,7,2026-06,NICEIC Approved; NICEIC Part-P; Safe Contractor,33,Y,Y,Y,Y,30,detailed,https://www.checkatrade.com/trades/hanningtonandgreenelectrical
furtherstepelectricalltd,Further Step Electrical LTD,Mr Val Timpov,limited,2026-04,no,Woking,Surrey,9.78,9,9,2026-07,NICEIC PAT; NICEIC Part-P,30,Y,Y,Y,Y,,detailed,https://www.checkatrade.com/trades/furtherstepelectricalltd
bmelectricals1008034,BM GROUP LIMITED,Mr Ben Kavuma,limited,2026-07,no,Slough,Berkshire,9.88,21,8,2026-08,NICEIC Approved; NICEIC PAT; NICEIC Part-P,13,Y,Y,Y,Y,,detailed,https://www.checkatrade.com/trades/bmelectricals1008034
galaxyelectricalservicesltd0,Galaxy Electrical Services Ltd,Mr Samar Akhlaq Chaudhary,limited,2026-03,yes,Woking,Surrey,9.94,60,41,2026-07,NICEIC Approved; NICEIC PAT; NICEIC Part-P,8,Y,Y,Y,Y,,detailed,https://www.checkatrade.com/trades/galaxyelectricalservicesltd0
oxfordsmarthomesltd,Carter's Electrical Services,Mr Simon Carter,limited,2023-08,yes,Wantage,Oxfordshire,10.00,39,5,2026-08,NICEIC Approved Contractor,2,Y,,,,,detailed,https://www.checkatrade.com/trades/oxfordsmarthomesltd
jbrewerandsons,J Brewer & Sons Ltd,Mr John Brewer,limited,2025-01,yes,Hook,Hampshire,9.97,20,12,2026-06,NAPIT Electrical,10,,Y,Y,Y,,detailed,https://www.checkatrade.com/trades/jbrewerandsons
homeelectrical1092211,Home Electrical,Mr Daniel French,sole_trader,2023-08,yes,Chertsey,Surrey,9.99,272,79,2026-08,C&G L3; City and Guilds; NICEIC Part-P,32,Y,Y,Y,,21,detailed,https://www.checkatrade.com/trades/homeelectrical1092211
flixelectrics,Flix Electrics Limited,Mr Felix Old,limited,2023-04,yes,Camberley,Surrey,9.86,88,14,2026-08,NAPIT Electrical; NAPIT Electrical Inspector,29,Y,Y,Y,Y,10,detailed,https://www.checkatrade.com/trades/flixelectrics
cnnelectrical,CNN Electrical Ltd,Mr Nick Pomfret,limited,2022-05,no,Basingstoke,Hampshire,9.85,67,18,2026-08,NAPIT Electrical; Registered Competent Person,23,Y,Y,Y,Y,60,detailed,https://www.checkatrade.com/trades/cnnelectrical
igtelectrical,IGT Electrical Ltd,Mr Igor Taranenko,limited,2023-03,no,Wokingham,Berkshire,9.81,85,26,2026-08,NAPIT Electrical,27,Y,Y,Y,Y,14,detailed,https://www.checkatrade.com/trades/igtelectrical
fhprojectsltd,F & H Projects Ltd,Mr John Fontanos,limited,2024-08,yes,Bracknell,Berkshire,9.95,148,52,2026-07,Aico; NAPIT Electrical,29,Y,Y,Y,Y,,detailed,https://www.checkatrade.com/trades/fhprojectsltd
rpelectricsltd,R P Electrics Ltd,Mr Rene Prochazka,limited,2016-10,yes,Woking,Surrey,9.93,121,9,2026-08,C&G L3; NICEIC Approved; NICEIC Part-P; bpec,27,Y,Y,Y,Y,25,detailed,https://www.checkatrade.com/trades/rpelectricsltd
delticsolutions880624,Deltic Solutions,Jessica Whitney,limited,2021-09,yes,Andover,Hampshire,9.87,161,18,2026-08,NICEIC Approved; NICEIC Part-P; Safe Contractor; Trustmark,26,Y,Y,Y,Y,,detailed,https://www.checkatrade.com/trades/delticsolutions880624
